"subject","mu.true","mu.false","sigma.true","sigma.false","tau.true","tau.false","muS","sigmaS","tauS","tf","gf","SSRT","go_match","go_mismatch","tf_prob","gf_prob"
"110174",0.351586220295741,1.83666796169746,0.0404538432719228,0.596738024416299,0.0645271051706223,0.757907741493815,0.153289231975502,0.0240346021801932,0.0173355063571224,-1.45144425261464,-2.64066440910377,0.172920294106716,0.416316096526683,2.65817488369387,0.073328097435649,0.00413718175297822
"110187",0.371092730925669,1.31100032656781,0.0323241717483811,0.436750402303458,0.0749199787906229,0.66544779524948,0.191374654465842,0.0317570836664898,0.050189033455021,-1.92143631719734,-3.03857807726095,0.241440132654355,0.446064021577992,2.04737014945813,0.0273383618454849,0.00118848756698689
"110411",0.31685925120354,0.725237802938323,0.0295684508671032,0.243574661533048,0.0460552907175691,0.604480243902297,0.135040225051629,0.0638936169751351,0.0448390201867809,-2.225895225337,-3.04455014910975,0.181779435673787,0.362960900851359,1.39110084705456,0.0130106001334077,0.00116514290844539
"112141",0.360542864883683,1.66677489618741,0.0423584878438636,0.530467709148241,0.0378970282573983,0.76594768817143,0.165412811109263,0.0606498259397709,0.0234836856476836,-2.4303124419179,-2.67047985892947,0.190448963561547,0.398507700482636,2.5022079068506,0.00754290590982953,0.00378714577619517
"120061",0.933337921940116,0.330269918897866,0.3393472527035,0.0237383303075394,0.621332680010796,0.0793640266233997,0.173060700091506,0.0289026145384804,0.046432522017622,-1.64797508554067,-0.0414365096634377,0.222734592965377,1.64265552218704,0.409631511926432,0.049678891954152,0.48347395363877
"120065",0.58643542898701,2.16189846673599,0.171868035456641,0.245552788257711,0.0809584742308603,0.694244520812662,0.0748337210023762,0.139253664016812,0.0458376221657703,-2.37333036316056,-2.66979812471354,0.131507260485954,0.667596359498813,2.93241408172872,0.00881424431701421,0.00379484316061677
"120120",0.298976572055078,0.275371068366699,0.0256369743840931,0.0590484272548615,0.0441240621896132,1.65697123933469,0.127329157506386,0.0661162864366498,0.0265326371434971,-2.14767227014728,-3.03151150261305,0.155805016605256,0.343169286396603,1.93019661003818,0.0158699006477692,0.00121666324689914
"120182",0.440252882187866,1.5649078228077,0.0812203621111741,0.485759927523673,0.0881451723295957,0.679887334455658,0.124390962181163,0.00930323491319495,0.0103173962295387,-2.12489525379345,-2.96633110772803,0.135433819060875,0.528367732659194,2.31809489752236,0.0167976770497787,0.00150687918838437
"121397",0.370767150792949,1.56339778283757,0.0374641690458748,0.540136150482045,0.0466819131194727,0.725894052215953,0.153268767162398,0.0458408120868469,0.0241406446201592,-2.45136652466049,-3.0394557308183,0.178494110585636,0.417476184689631,2.35891802349682,0.00711574795479421,0.00118503015983291
"121411",0.339778598256418,0.302171776469312,0.0765229434023445,0.0259282838781226,1.14692648222437,0.0474927078635988,0.189854320293736,0.0130681984250514,0.0113936987082149,-2.238916610768,-0.0436703436065929,0.20228616673881,1.49187917092408,0.349795924867903,0.0125806712403077,0.482583589514451
"121428",0.997651858904852,0.358127325069708,0.380969574671535,0.048784144664364,0.688683517028808,0.0622021525254994,0.0408266133715027,0.487706281444323,0.0360180153641058,-2.07655486303382,-0.0382659055484903,0.0893290466103736,1.7488351683252,0.420397228166894,0.0189213313758753,0.484737837148516
"122620",0.370196047595872,1.41753857716505,0.0391836582238834,0.457378075526283,0.0738814569768474,0.701002758299659,0.164682548513889,0.0652461365783003,0.0267280690069349,-2.42281555171528,-3.05154910849438,0.192714194333284,0.444159108669186,2.18423586853805,0.00770037203686488,0.00113831901904086
"210051",0.589669699189023,1.23622635036832,0.0741958859448746,0.33347088239362,0.0996103010341307,0.255311437121775,0.125183530671688,0.173538098581202,0.0463743872465955,-2.477222121385,-1.92193019771205,0.176884262763127,0.689327071779577,1.52686918719168,0.00662047348078015,0.0273072707581087
"210148",0.356650170588438,0.80509545639,0.0439156218778593,0.307527775674057,0.0712567596630122,0.533132901393559,0.145500077700301,0.0815673438016141,0.0551599638962147,-1.79097979579009,-3.04790011291875,0.20308992996644,0.428026144470035,1.36508494937469,0.0366482687056596,0.00115223257246663
"220203",0.486927672041331,2.03158220177615,0.0671530202307919,0.256429620925632,0.0510212061959311,0.72617304571402,0.0612331491825265,0.167040410075913,0.041815791810318,-2.41579363760998,-3.0610590276652,0.108615715997117,0.538118321289315,2.83192286228417,0.00785047850441664,0.00110277804313546
"220232",0.362146785322551,0.834867993887388,0.0459691528483005,0.272252912124776,0.0535275703854355,0.75118316647585,0.162982668394652,0.0310341148739938,0.0286228853890517,-1.5388193987559,-2.47082170256781,0.193582243271718,0.415841308312137,1.64456934184984,0.0619241963334726,0.00674015071239921
"220419",0.355753363329626,1.12169135909048,0.0362845182158283,0.408076389988956,0.0168678121280105,0.599311829642034,0.107519467946281,0.0207667365399834,0.025965768047889,-2.33707321795886,-3.04866225992026,0.133456315401714,0.372724848037195,1.79899187643176,0.00971768865907569,0.00114931374059396
"220519",0.356709153595595,1.6175012265924,0.0337352517845402,0.516604392904752,0.0245990312830325,0.746727378689494,0.177112364821529,0.0342265461592493,0.0361693521691138,-2.2212559875981,-3.07207935138094,0.213816996715393,0.38136216232688,2.43364761261343,0.0131668143923921,0.00106286603989707
"220535",0.343725730344365,0.900099078076885,0.0420354604032591,0.298323841141575,0.0331547002708046,0.592189163871064,0.160153648209192,0.0746995360123987,0.0257956727334037,-2.27219863865927,-3.0646963170143,0.188062666032395,0.37701370112491,1.57563619680718,0.011537257901527,0.00108945561459872
"220635",0.478825178467255,1.87058788378032,0.0655474821904549,0.578022581783278,0.0234402163969771,0.764595793862655,0.126047547279966,0.0131092384873205,0.00911370030572606,-2.59937057045929,-3.07868602407438,0.135780893492118,0.502255954188712,2.70196747923913,0.00466974454477579,0.00103957840291178
"220697",0.334173042964682,1.68917804471295,0.0266309570948941,0.546478812352204,0.0544318934812491,0.725821225790144,0.115271230063503,0.07570845375757,0.0382403151765495,-1.9855116142767,-3.03028525252187,0.155388672333798,0.388666832273024,2.49871625611285,0.0235437896179805,0.00122161433144937
"220713",0.375903611846594,0.666287381573677,0.0406917830730774,0.195984790228411,0.0562227244541489,0.565428525072095,0.200656393419529,0.0380651399633375,0.0320500905300844,-1.61019800151534,-3.02841642887375,0.234577497429065,0.43221653957979,1.25581537898016,0.05367731952409,0.00122919531844663
"220843",0.321565153087007,0.336681228298533,0.026143843947051,0.0636760628253278,0.0378750493374977,1.80743138201397,0.187638315817207,0.0518999012765924,0.0238786685143243,-2.15652071001387,-2.6643540131848,0.212747326000684,0.359500044767013,2.15141406094134,0.015521514501345,0.00385681695032107
"220901",0.328385981356538,1.61254123998675,0.0314352191413554,0.540406704512671,0.120341157049532,0.738810914426397,0.111512886907306,0.122976059549975,0.0579829492860164,-2.20721776034789,-2.09745350134908,0.172795559074095,0.448941937209368,2.43256979070647,0.0136494251950945,0.0179767246626463
"220999",0.795972510337033,0.325149181014818,0.258837765915501,0.0337146618581024,0.564318400664214,0.0112445482547372,0.207856387372598,0.016450307238149,0.0132114912986129,-2.16909330912956,-0.0108334532486424,0.222253483888872,1.45200071736111,0.336415653525945,0.0150378003520505,0.495678161994364
"221040",0.371766234487834,1.3457568746565,0.0332070045308475,0.42659014840133,0.0617065912587906,0.673978442206284,0.192493738472467,0.0664426497416663,0.0383784145273663,-1.57078204826328,-2.67545426467507,0.234108539445188,0.433537575738493,2.1195462780038,0.058116641667455,0.00373140280410843
"221107",0.418632491707363,1.94314196503463,0.0881767603975356,0.677337415839347,0.0896038821790995,0.808479401816404,0.0631395057312211,0.142024581825536,0.041416525825733,-2.38420944663516,-3.061366021178,0.110105551100496,0.508352919898114,2.81406175719398,0.00855792905956097,0.00110164786297142
"221220",0.400612017212474,1.18294490985368,0.0446982927636731,0.392798175000067,0.0716015445030413,0.659748781959449,0.185780870664936,0.0515496980205442,0.0639714764720846,-1.59499426707225,-2.4837462985042,0.252435122929775,0.472357424768873,1.92242728868768,0.0553567589121809,0.00650041970696192
"221336",0.342257413222682,1.04424291489198,0.0398588373222452,0.395291546774266,0.0608036266686652,0.645355618100714,0.16339745136611,0.0588137150853804,0.0274073739080227,-2.39247001368353,-3.04820117750909,0.191559874226445,0.403084012660287,1.76625794822834,0.00836769779634096,0.00115107874736613
"221511",0.365230794004049,0.447345291650093,0.0403677973591536,0.0668602680242365,0.109438504490861,1.54429408033766,0.164159773265662,0.0410851299168144,0.0258653629809647,-1.38864107384578,-1.69385478919949,0.191187049862938,0.474787917702932,1.99842749115642,0.0824709605023212,0.0451464399277793
"221585",0.33807356850244,1.29601301483501,0.0343021144608472,0.429921847777124,0.0479593248049417,0.689441106616361,0.116543728683434,0.0488855934121222,0.026762230264716,-2.41479314719957,-3.04369016471047,0.144219733645067,0.386084639970922,2.07341360005109,0.00787207403016347,0.00116847845909273
"222185",0.324330485739803,0.611043670839594,0.0222111418981007,0.155299789655172,0.0475644584414785,0.234326588909659,0.231441116836615,0.0269449700635094,0.0238973890518665,-2.25251079991353,-2.67788568145631,0.255991300749833,0.371866972545154,0.863853987983521,0.0121450057002165,0.00370442501889972
"222304",0.368058781447739,1.76234236807356,0.0266488471012858,0.573195867183383,0.028259438281413,0.774191957467339,0.118861243561002,0.0288163226812495,0.0274145327012093,-2.4418981638403,-3.04653546835452,0.146940769577715,0.39640506223853,2.60768640512727,0.00730513426227551,0.00115747584923378
"222496",0.383915986104668,1.86611987088087,0.0366351996003343,0.594654069324273,0.0843753848750753,0.745752281003137,0.0664950397841178,0.154650149542564,0.0429766837068412,-2.31938678613581,-3.05812865722797,0.115802325131326,0.46850121518579,2.69987261021677,0.0101870368725758,0.00111361972359008
"222652",1.38077748685278,0.321788784675526,0.489981137186349,0.0282648168058833,0.689842462533292,0.158094799137251,0.153668981239028,1.10524484591095,0.118410693382795,-1.81377687130518,0.241062530410281,0.308278496848819,2.12039999141626,0.480021041053556,0.03485604234389,0.595246673462489
"310463",0.406145337294911,0.78653397719453,0.0568854235276457,0.266616872590403,0.0479394709551733,0.632539091438604,0.154692925434161,0.0380568254238733,0.0508982155273061,-1.8011279060068,-3.07534660678758,0.206675179557822,0.454123349432483,1.45298609023206,0.0358413611665211,0.00105129025747755
"320022",0.3078327249757,0.205283536001011,0.0381207206593398,0.0102567403637536,0.0396095830603549,1.9670757421904,0.201647078001447,0.0281282295479587,0.0206259607249192,-1.17203878269299,-2.88410611328878,0.225907651378838,0.34766940062722,2.17568424893873,0.120590742906616,0.0019626323117933
"320202",0.449109130055433,1.579714105709,0.0725653562947444,0.539393826679001,0.121815481844277,0.702608742787636,0.166124154408526,0.0937957712027984,0.0480053712544625,-2.31650648960799,-1.67437506290431,0.21616366357856,0.571272870194701,2.34003744063788,0.0102653153002199,0.0470284552891929
"320206",0.387926548469534,1.63104851922205,0.0328727256630633,0.508558160907377,0.0291478255713343,0.711097077911494,0.135600649264205,0.0647623113517481,0.0267151443409453,-1.95594022084384,-2.65825512150489,0.164492047534366,0.417151917786644,2.42092297170333,0.0252360983623676,0.00392732043646894
"320218",0.374566671287285,0.958449977989149,0.0513978799404765,0.306998083703564,0.0605110341029292,0.571601009752063,0.188595686502408,0.0165344168687787,0.0452357554014103,-1.75413519686616,-3.06054606524635,0.233339264202538,0.435248872408456,1.59708962350223,0.0397036719816578,0.0011046688620375
"320379",0.391429809070931,1.48177090838625,0.0308500331144692,0.421057237343652,0.0762438646092889,0.696056621224864,0.110820214242212,0.0871794009044049,0.0365395571295533,-2.38125018520013,-2.03128073733689,0.149591698925488,0.467734337569789,2.26387881014791,0.00862699461479652,0.0211132621360281
"320429",0.426299536644117,0.82685173073895,0.0562000484168935,0.174255779251246,0.054824750461129,0.528626261739822,0.150381620623311,0.0548115875032181,0.0354640651002045,-1.89612943160718,-3.04190694965851,0.187023378746702,0.481177584333353,1.39104239442303,0.0289714659152602,0.00117542277503993
"320478",0.340699725890181,0.242753868300579,0.0386463243318983,0.035178815793176,0.0132605569801574,2.37026163763322,0.216049927970953,0.0232497659155445,0.0118796432259899,-1.94415249770633,-2.73676176965015,0.228831110543035,0.354024895350826,2.6161157521608,0.0259385320674011,0.00310236040562821
"320576",0.432543346157859,0.949605162396967,0.0655021025317252,0.347644425189583,0.105617606145732,0.706242343705184,0.0796108419703957,0.105300586106542,0.0408231565222472,-2.235018852027,-1.64843136706563,0.126964741267252,0.538384701512164,1.68369366507106,0.0127080558851918,0.049632091873725
"320608",0.491933988777853,0.981594646867943,0.0745398217322053,0.347976936446929,0.100576390756456,0.638247399623831,0.255577766770694,0.0363509329091635,0.031192790396167,-1.58219324570961,-1.78615758343541,0.288021204461256,0.592717285714027,1.64336452764273,0.0568027310277334,0.0370368734220683
"320687",0.370020366264641,1.98289347960832,0.0374930306880386,0.267217625343368,0.0274993359443155,0.711505882396034,0.13602791176681,0.0836178551130826,0.0266554290861053,-2.37888945969942,-3.04467763831964,0.164804581843069,0.397519327072575,2.77508831278585,0.00868244123194775,0.00116464914003658
"320759",0.425304307006225,0.993076108643805,0.0512572230140551,0.277531921385216,0.110531269568787,0.535717774326242,0.0658871688705095,0.168579090697897,0.0481905180738783,-1.56811947449044,-1.34274565211217,0.12445406823294,0.535923338465321,1.54850302009144,0.0584266262261804,0.0896771734330032
"320870",0.441875469225266,1.15795314020946,0.0477858917610258,0.348358048745212,0.0803088243779416,0.585512481169434,0.0947258428285679,0.115063972838412,0.0661578596527971,-2.01324502576157,-2.48339451172829,0.164419163880584,0.522305361147249,1.83150394413754,0.0220444293758949,0.00650684360990048
"320904",0.348280414248046,1.18799808569418,0.0394723429295888,0.469075655801727,0.140314945509746,0.572585792363456,0.117469693253774,0.103910545917658,0.0611446538191356,-1.80369922375436,-1.75817508986903,0.182030423637621,0.488851682469251,1.80469256205094,0.035639235657098,0.0393588611590364
"321025",0.380386710925796,0.677188426255408,0.038854742386238,0.197007616787979,0.0518688918170396,0.494312118728048,0.210093650734323,0.0584447491611114,0.0241012764514338,-2.40621316114347,-2.66017015608238,0.235586073078624,0.432337312550169,1.19393718811554,0.00805942953567382,0.00390505918794243
"321069",0.790467700423802,2.01767726782305,0.166715239863829,0.555133143447082,0.037527856567205,0.77239253147586,0.0679504084674098,0.132941190903252,0.0452918801380503,-2.55000224780829,-2.69219992232273,0.121594962822652,0.828853100581716,2.84980320137901,0.00538611122699566,0.00354911904418866
"321203",0.325134729526929,0.447616301812016,0.0334569760150827,0.122711713239782,0.0272693914282638,0.503948755612267,0.185307948285922,0.0710041654955922,0.0253881713905477,-2.13842595312219,-2.9768228549534,0.211999754098371,0.352530481568759,0.958049569008047,0.0162410939730464,0.00145626121394471
"321281",0.352093723542024,0.878158311305588,0.0445865800475033,0.305926492435728,0.0748231038231598,0.685030658622558,0.199297682837116,0.0252249349040979,0.0219870644009827,-1.93535908480629,-3.07360969046734,0.222217844765372,0.427028361963391,1.62414889551753,0.0264731232562778,0.00105742962673504
"321431",0.41172440054408,1.09413751955743,0.04419395679356,0.372486774123569,0.143450525862957,0.473315289863245,0.190979008041042,0.0281800906946451,0.0216425554002448,-2.53072164781235,-1.4247977777897,0.21390098831848,0.555314784501057,1.6162157486121,0.00569140720190549,0.0771078324407242
"321557",0.36376897613974,0.665057292146765,0.0343795571109354,0.162738182459758,0.0522763451551871,0.450013229847196,0.107437113689295,0.0687093421289424,0.0299905617678608,-2.46488082779033,-3.04326390600112,0.139210808663886,0.41617434844603,1.14176821293973,0.00685294142052466,0.00117013498843649
"321595",0.521206420415314,2.24592328657692,0.111657856082378,0.672430413500309,0.142471093863562,0.849320293980812,0.0249408547283744,0.218574748918335,0.0228906169382381,-2.47859876372101,-2.48248971452929,0.0563146340276909,0.663944791369807,3.16049282490646,0.00659497944546619,0.00652339172438353
"321976",0.403818067186025,1.0962298919431,0.0490427744771889,0.362534448598111,0.141321715767489,0.648219956242674,0.127611240837713,0.034599636777645,0.0341413607559282,-2.51643978533975,-2.16503791081648,0.162873566885547,0.544961751141471,1.78591437955601,0.0059273577812677,0.0151923910704605
"410084",0.442427243181194,1.68002759046167,0.0710984407581521,0.523835885400493,0.116539650669325,0.735051909133769,0.06958726389868,0.133728907500138,0.0325594139515863,-2.50881128140828,-3.04057323880675,0.107901125024524,0.55911835250923,2.50817226931496,0.00605690919951434,0.00118064128039646
"410086",0.422110056337028,1.26315845185678,0.0415863094062262,0.328192638628401,0.142607000565715,0.527610901423584,0.148416774991423,0.0774511556484348,0.0783348165633459,-2.1448779586809,-1.77264120248034,0.226362731962282,0.564937264834276,1.86468056452275,0.0159813032856835,0.0381440898869766
"410179",0.588837702360774,2.14138423881474,0.0727712026517417,0.246082100933831,0.0987076061582939,0.700319998386851,0.150582849891471,0.0126448145721329,0.00977238710545934,-1.95401365894911,-3.04483255313452,0.161760179402282,0.687708876006323,2.90180200672713,0.025349801146294,0.00116404944238649
"410284",0.382493622992914,0.779925238916678,0.0349367264844124,0.0566769080966902,0.0377934127201495,0.242193628131968,0.164153711939867,0.0246935857142617,0.0517579683796494,-2.06443712692107,-3.05247883562332,0.21618094909984,0.420354653405643,1.02482670064088,0.0194881446885115,0.00113479867646458
"410390",0.494120490843965,1.82222389436888,0.0748716150593894,0.531215215984078,0.0686313892560932,0.748375008540058,0.160513580317769,0.0797930189123051,0.0543214180231731,-2.24941446566368,-3.03884787238868,0.21597375108614,0.562843024205892,2.65027206465353,0.0122430695579658,0.00118742371877455
"412021",0.404570076564781,1.21752292691654,0.0417551909294805,0.387545072554373,0.0626078216866264,0.653420695069681,0.110516948769493,0.113081338282339,0.0362620248073224,-2.39912152420663,-2.48730277841173,0.150105325381411,0.467319210477521,1.95192415086667,0.0082172297281729,0.00643578997583324
"420004",0.444807518350829,1.19664072188215,0.0715866721803472,0.440213909476037,0.19363094174863,0.636314789621749,0.168673215685898,0.0473420608649599,0.0364195166755101,-1.93296036084891,-1.48424799258357,0.207656453335799,0.638435915523223,1.86315555891851,0.0266205405570847,0.0688715710578662
"420089",0.416403359735491,1.09399421300717,0.0441737233120001,0.243368259855711,0.144446830813367,0.342728979011465,0.201380304013605,0.0668608025606122,0.0319061697974383,-2.47712010327978,-1.73352113548247,0.235015251602791,0.561002513421641,1.47665568955544,0.00662236667792286,0.0415015421107239
"420100",0.441614177251537,1.37556365185532,0.0729211860707873,0.497812591128002,0.114024573009422,0.702519783475717,0.0751653712168899,0.117555447718689,0.051763102521313,-2.03758227395492,-1.82997248530799,0.134066908694181,0.555564891072936,2.15059306401073,0.0207958632639841,0.0336270266421028
"420149",0.6508242205262,0.411979296019917,0.239002002438305,0.0412664323019643,1.0907898630236,0.0639227877127043,0.0352718687174746,0.271515484631058,0.0266863896239073,-2.201373608878,-0.0629575617138955,0.0731643841747008,1.7923882566831,0.475984697105673,0.0138547928764391,0.474900149045548
"420157",0.427416013701688,0.853583493162829,0.0454134829787297,0.233559485337027,0.0356410436272296,0.646418960242715,0.155173815179159,0.0339355957150403,0.0334666165959719,-2.36770609800646,-3.04473587896638,0.188973327745797,0.4632098453439,1.56265034549274,0.00894937417625192,0.00116442364884418
"420162",0.457841881851867,1.51530884641319,0.0565175873072977,0.513828501173135,0.109933352112074,0.762674397884775,0.151090656889309,0.0280232838311709,0.0225582921969942,-1.63419892350081,-1.93000954892304,0.175432883877306,0.568050781908593,2.33530868750769,0.051108544264334,0.0268028273035713
"420198",0.557504591161768,2.10233055927471,0.0789416212015284,0.243297737305668,0.0640678114293487,0.704142191491228,0.146858886701041,0.0266445273181402,0.0192799278902419,-2.57543271773668,-3.03562221051132,0.166951143958486,0.621839301123792,2.88298642560162,0.00500573746074513,0.00120019961289632
"420261",0.567213738239093,1.59720375879916,0.111661727133626,0.637957310523814,0.0728230629110178,0.778249403105363,0.110925917532679,0.105437936453924,0.0444102878805337,-2.01997501230248,-2.35339665327715,0.160003348353392,0.64042920841753,2.43016914544662,0.0216929902537925,0.00930138910826853
"420286",0.443662754868316,0.967296638166369,0.0608025808655555,0.371640781538605,0.078347288043452,0.567765360007991,0.133922476887684,0.0520978251206087,0.111936776665895,-1.37091964854275,-1.95035530635604,0.249300902011128,0.522322132623528,1.56760389915101,0.0852000027630262,0.0255668924778437
"420383",0.429112777323321,1.74481885764305,0.0527540261399582,0.575347045081639,0.0963008661580485,0.740400516669299,0.120938327679486,0.131553605286596,0.0959488253885935,-2.03400091403058,-2.48121495187961,0.220502299751843,0.525660075914517,2.55571040465493,0.0209757516478551,0.00654676939596566
"420435",0.361290262441544,0.338593278740671,0.0406307996575522,0.0745403202541872,0.0655675570594384,1.33509647909408,0.241785561067279,0.0184496453267744,0.0171610194044921,-1.79370076184264,-1.25962012949742,0.258984419560317,0.426979035729665,1.67512010370677,0.0364304718287885,0.103903215391049
"420454",0.365369532604202,1.76624183011629,0.0355058389889685,0.621849153671349,0.0767701527005129,0.791821851085768,0.0534026430933067,0.147134401985682,0.0420899879956408,-2.16956522836106,-3.07716723148786,0.101996234150023,0.442253407624239,2.6233227720135,0.0150198991950492,0.00104489012097501
"420623",0.61154837142597,1.62786959047525,0.122052703998564,0.568008553935963,0.13636391507972,0.767460612569444,0.0406955862568602,0.182175084484175,0.0279652913681949,-2.57593079069919,-2.09366623524261,0.0779175960449618,0.748211654198251,2.45037445428764,0.00499853277891874,0.0181448613700563
"510050",1.99098573039279,0.404063590245351,0.285870171311828,0.0432081213037561,0.719940651107412,0.0307863556254777,0.128192554030967,0.0702794482989872,0.0445517394418559,-2.14248400147928,-0.00480373135150505,0.178479474297612,2.77635326713472,0.434943123645395,0.0160772779982161,0.498083595831296
"510226",0.713512584153295,2.23990798932747,0.111422236025129,0.583431058700822,0.153317629858506,0.830894605609369,0.0206996595154883,0.201041153224258,0.0161642295053406,-2.63837142891122,-3.05807863023434,0.0436096835171166,0.86706795423928,3.11529680171655,0.00416526415254194,0.00111380558406809
"510259",0.568832721103972,1.32887642433045,0.0664447779044004,0.326624880809395,0.129990680094755,0.627927248499696,0.237521725331211,0.0643033393591357,0.0500066159875138,-1.89372514805297,-1.844743773821,0.287728385843083,0.699022004262618,2.00302468340711,0.0291307507701471,0.0325374099787364
"510329",0.516330874038622,1.73102881487472,0.0727201723324881,0.540660006867325,0.0722947324406254,0.732726419225701,0.0980203812825629,0.0939156071929792,0.0313044573195839,-2.51457342744101,-3.06593020128714,0.132724545956549,0.588740142925338,2.54979120776359,0.00595882416210811,0.00108496982948054
"510355",0.47674236364652,1.28320297975981,0.073083608693665,0.448054632346971,0.0763112654666303,0.682627761796281,0.0665934232562388,0.137580963852566,0.0354848078666184,-2.49781657586655,-3.0700835021287,0.108308964249198,0.553226749855558,2.03726110977016,0.00624804169149812,0.00106999465740895
"510480",0.871293156589317,1.99025946364121,0.184402501216039,0.442507846179216,0.0327651970011079,0.77243519200015,0.0995306525726712,0.0816034496123497,0.0278055938871897,-2.6304453412083,-2.36782304401632,0.134637427883675,0.905114598450162,2.83031439054599,0.00426365419312153,0.00894654586593688
"510629",0.595950581883304,2.06901975075183,0.0833470013690544,0.620319548034274,0.0192584310485478,0.79299798487711,0.10716860876327,0.0870509279391006,0.036709897660036,-2.42263989372136,-2.6680581139537,0.146283142898352,0.61545514893603,2.94659040238788,0.00770409597196823,0.00381455304125012
"510639",0.763093036352643,2.7699224290576,0.258799564691513,1.0210841157587,0.0394979993168446,1.0402886293585,0.0272567800152447,0.308864597819556,0.0216517199840262,-2.53865350127447,-2.09785686531692,0.05804240089244,0.804272155310654,3.84433777076876,0.00556399871360723,0.0179588957035649
"510648",0.518235271941435,1.84193151261987,0.0613105006121758,0.566122339331605,0.146551026515637,0.767452598046826,0.111608278462589,0.0876635944981177,0.0692252846922641,-2.3328162495601,-0.798008464078232,0.182912145931737,0.664796126317642,2.6569847499269,0.00982889572429835,0.212432789225871
"512003",0.578910843283367,2.03530574352451,0.0938352978475676,0.603159123577963,0.0394396910299881,0.785659830208146,0.0763580949435483,0.0563661826842151,0.0222427891318164,-2.57317045298373,-3.0475015561189,0.101760232909928,0.618365701483163,2.87469974662187,0.00503857820830518,0.00115376165676666
"520002",0.714107765436044,2.21300950576343,0.137704682724356,0.237875299049284,0.0986984560153178,0.765914319765373,0.0508915216053379,0.217307067619595,0.0377449049423771,-2.56744817027821,-2.47572520145578,0.097816165349898,0.812855951258153,3.04391795653655,0.00512250519272856,0.00664829378004644
"520055",0.411525643299271,0.803698781960892,0.0529461696434888,0.253444396057303,0.015754781283466,0.647573949475635,0.232811834638817,0.0226114954294903,0.0143756343524003,-2.44190858900891,-2.64254232548901,0.247657955082069,0.427352389207727,1.50995095275389,0.00730492273105614,0.00411430899925575
"520065",0.399569378908232,1.37665038504411,0.0438078800089093,0.426624279381128,0.0769711936693949,0.702946933803143,0.21344769904422,0.0289374730662428,0.0224090270072666,-2.02082139395855,-3.04789983132457,0.236885628237145,0.476617508023882,2.16290260839459,0.0216491286660741,0.00115223364982645
"520097",0.478972243392179,1.92012804184452,0.0720501596148721,0.554635107188437,0.114039020944225,0.781652031981203,0.113416949926426,0.155135334074459,0.0443765204133401,-2.46969140903185,-3.05814021271942,0.162566980986209,0.593385662354768,2.78463081301886,0.00676148276417909,0.00111357670961341
"520127",0.450337458877161,1.85699637371425,0.0488398341004516,0.571568722296833,0.0521012397597717,0.750947312879632,0.115373390567407,0.109701141995202,0.0634128747122603,-1.83098419567946,-3.07227821701052,0.182959326937839,0.502495808694742,2.67510413108731,0.0335514510728342,0.00106215814522243
"520239",0.57462823872959,2.04652853517551,0.110871029887185,0.618825384508671,0.0171053526356228,0.80402022237663,0.0397877467007532,0.15280427478947,0.0303001331540298,-2.49820039986658,-3.05943130071416,0.0781383926456574,0.592566791776957,2.92199583561153,0.00624128032279118,0.00110878822907581
"520253",0.582661032567735,2.0954229108632,0.080008818107818,0.243500058219358,0.0741704880240188,0.70403296167115,0.113015358196704,0.0502868089386149,0.0304927201486856,-2.55359755965077,-3.07613343002713,0.144930135051129,0.657065516186939,2.88077425877246,0.00533082028979347,0.00104851994303059
"520390",0.489855197743519,1.40431855222272,0.0502090211755099,0.464265281764846,0.0716904700971768,0.684944398306142,0.152685874847162,0.0873722837291252,0.0731920519461031,-2.08080522613773,-3.07558435949073,0.227723497058283,0.561765347757036,2.17394902197151,0.0187258688500367,0.00105045243844076
"610028",0.443546017691411,0.960478868265821,0.0463157806011733,0.338676054464355,0.100236501154792,0.836554021568537,0.206701081153919,0.0548760612424307,0.0359726797956241,-1.47968259130297,-3.07423903189271,0.245893931127085,0.543899881485334,1.83882714583443,0.0694789871280148,0.00105520134130284
"610046",0.577793165532497,0.916032704670287,0.0973626483842207,0.288666983777081,0.12334369330173,0.116191153814809,0.0925630439532366,0.105398879717258,0.041599238193239,-2.33192343651876,-1.51935613086021,0.145536678394468,0.701464727604281,1.04422725457804,0.0098523596524712,0.0643364390153275
"610061",0.462153699865203,1.97504903420383,0.0461798820782456,0.66635395500274,0.0959016318191653,0.792329819189388,0.130102876731574,0.0260017618482895,0.0209828405608755,-2.5512791979463,-2.65911350904646,0.152023741981831,0.55830083198101,2.83566832618773,0.00536641539750853,0.00391732813950751
"610288",0.70782742914346,2.16549958026883,0.149061397354871,0.243403785953654,0.0758946971772043,0.706288694606021,0.0746835923923412,0.161881483232197,0.0463744370290821,-2.51294160298644,-2.05116957387683,0.130965931804086,0.784088816687091,2.95110193328577,0.00598645764362404,0.0201252179233964
"610308",0.463009503118657,1.24225574553997,0.0623948266661591,0.42097361970321,0.0746622259980067,0.603180504603781,0.0843053472939823,0.115321674838368,0.061834348560316,-2.218125074685,-1.99297656283994,0.149294301785474,0.537975201341329,1.91510361493565,0.0132731527878727,0.0231320067752354
"610392",0.525209742517902,1.11895100096867,0.0840649406495963,0.315708602284808,0.0709825259932846,0.463926823252641,0.167104310756959,0.0500237448119689,0.0465657468494938,-2.47319545369589,-3.0776715852224,0.21452020524248,0.5961552259528,1.6309388435586,0.00669554416893726,0.00104312347538138
"610405",0.624312739880227,1.92297703394696,0.128793364423695,0.584725828121823,0.0640524783501789,0.76732907901394,0.050926675200195,0.166257926811652,0.0315037765622974,-2.52000535743758,-1.59029987869901,0.0913885247430956,0.688369957964702,2.75506378996932,0.00586765267845434,0.0558836129853201
"610508",0.46127908573358,0.576373277988232,0.0705083497545092,0.146699118485442,0.18502973279096,0.202918223967124,0.120822551239079,0.0615860888407518,0.0583090625003928,-2.17867857100561,-0.780136125021629,0.178949003272277,0.646490351983047,0.78098017586463,0.0146777776758826,0.217655377436717
"620005",0.479953148147108,0.963551044487145,0.0916872836269864,0.357499919246517,0.0375506009324176,0.666812842061323,0.20119213996521,0.0153989792958234,0.0374937898660417,-2.13569171534562,-2.6881367367061,0.238065614379177,0.517501062490693,1.67176880792431,0.0163522750650211,0.0035925983631901
"620106",0.783966926699699,2.19583750998206,0.211090571492153,0.227316868147568,0.040663011965938,0.652171970957121,0.0149540463794776,0.247142711622087,0.0123760588649843,-2.58090200649604,-3.0632598864202,0.0316707886618645,0.82504772508474,2.92415372930491,0.00492712879050003,0.00109469920452213
"620118",0.612482745122401,1.48129483737645,0.119888614465402,0.397659138403256,0.0515126487183205,0.565132646625924,0.104375551271973,0.0565280834063826,0.0224424329143125,-2.59444439635738,-3.04598339252437,0.130267981949165,0.664174622432817,2.1177627728966,0.00473719686340103,0.00115960325159377
"620129",0.450996359098192,1.88393380104926,0.0867727539715681,0.667784461214057,0.110239299638315,0.77053779786484,0.18031089752921,0.0230525372687335,0.0163341941132262,-2.10491071362462,-1.69787462466016,0.198058492955997,0.561614964546915,2.73315442474614,0.0176495405616604,0.0447657137488025
"620152",0.505009036654762,1.28442866206448,0.0733108263203867,0.442135790134054,0.110224544217664,0.592453214161871,0.200110819208358,0.0707490318107432,0.0292925056843145,-2.527287383066,-2.34151325952731,0.231500022754757,0.615485837941173,1.93175133073832,0.00574737002317321,0.00960287186891178
"620262",0.603102735534608,1.87515082851673,0.089939453034559,0.531227211148446,0.117770734605628,0.738035865456836,0.137033591214895,0.055627548691151,0.0623728178821642,-2.19437436690716,-2.04425324911514,0.199683459528588,0.721081417720468,2.67285111239264,0.0141042535964022,0.0204642675778922
"620496",0.64615224336135,1.89969282513948,0.0790231996913328,0.356387565715462,0.277880771924637,0.768654049797056,0.177677389647498,0.0171417643065649,0.0242272593508335,-2.30180848568117,-1.53464318905456,0.203626722253759,0.92439526698667,2.73699325770311,0.0106729874097883,0.0624357488827813
"620572",0.559024095034323,1.54185962358553,0.0589772641190545,0.433507798705196,0.0591889636950265,0.730454602513169,0.259161899380857,0.0800477458952527,0.0453451645426759,-2.20097533786279,-2.22972421565819,0.306979308894938,0.618234227406459,2.34966512342683,0.0138688849421909,0.0128828786226389
"620592",0.575228473957147,1.24054562890088,0.104511946671866,0.37066015507156,0.0855239255943303,0.417853776839223,0.194092299392153,0.0516155755492733,0.0354016093222503,-2.50161223810924,-2.35169053890238,0.230717027411308,0.661132983824624,1.70199955727087,0.00618146243581708,0.00934415775781984
"620619",0.367426928189911,1.44566864767848,0.0325233408038091,0.492234023727692,0.035138286757222,0.701318133937522,0.142168216500571,0.0369377814968466,0.0405244000598745,-2.35544001549868,-3.07201055962769,0.183568145549933,0.402636288052844,2.21728961694013,0.00925039187901932,0.00106311101677247
"620685",0.732268402951584,2.47619034895252,0.178935028565923,0.709551352345738,0.0801919669037388,0.853971031154014,0.116138799861755,0.0601117954280802,0.0353284344536244,-2.66167320359042,-2.48969174624391,0.154668388796386,0.812761698829717,3.39485877671874,0.0038876664880451,0.00639269657748119
"620885",0.507705890222973,1.49422268120107,0.060444268079058,0.505538383221906,0.0569104087113132,0.697108875756182,0.106733911398495,0.172404568860099,0.0489494479289537,-2.41852049650509,-3.06624035881106,0.160246525422153,0.564641030688181,2.26618123568133,0.00779188379370778,0.00108384491769472
"621128",0.490485167511346,1.44071561296291,0.0703328023215898,0.499055037622961,0.0834883486145214,0.70980481283794,0.0636018924063041,0.187839099419609,0.0489482003119026,-2.38228763182154,-2.66534418458652,0.121381694710945,0.574207939867457,2.22770304473891,0.00860272637455343,0.00384547816720101
"710350",0.778064272341077,2.30039037887163,0.130376577045541,0.716893093970054,0.0280533426788439,0.878795364432153,0.0905970211890733,0.109571984310267,0.0369742645636282,-2.62525313281647,-3.07493852109373,0.133689674169912,0.806672344596759,3.24394122854688,0.00432922861878481,0.00105272974804001
"710446",0.693962023024857,2.32546111118025,0.164048105832393,0.66181349740193,0.0836018084398142,0.862696146291269,0.0247322411656486,0.248107120313053,0.0243088157116903,-2.55006099824402,-1.90325184609333,0.0571821398452462,0.777844149688041,3.26674150230748,0.00538520364945644,0.0285038454672654
"710486",0.440402137889636,0.784902146490021,0.0714133692505979,0.294886502911065,0.0774534269017835,0.91631210144131,0.257961320314569,0.0197336362447108,0.0139558133118473,-2.08619536714607,-2.63250312714088,0.272876672964302,0.518143206571079,1.72281687522647,0.0184804650073781,0.00423791216932233
"710494",0.602592956517366,2.20780441285526,0.131670734625562,0.630351312658255,0.119470043659198,0.824277200582942,0.0521673217397479,0.19611082340992,0.034289742387014,-2.53803798077007,-3.05646360872528,0.0966565146171184,0.722644000418785,3.09079278428171,0.0055737943437418,0.0011198233280807
"710982",0.52147661767861,1.33760943242869,0.102908430222521,0.513297582696097,0.0706230550378411,0.748364157329977,0.0971851383873977,0.0680308012274841,0.0541306466484429,-1.67578840270747,-1.99143756536248,0.154606556969896,0.592214357119984,2.1309126369235,0.0468898233112552,0.0232164014193144
"711035",0.807227173800404,2.27533981620224,0.218772074332349,0.229555916546477,0.0536539659912649,0.701822355747968,0.245367341072563,0.0385103382993994,0.0277243973881607,-2.60995955656692,-1.85796484421037,0.27478806066843,0.86134770529549,3.04993393510565,0.00452764637798779,0.0315870034337951
"720290",0.51198181140842,1.50398598808914,0.0906563136414499,0.582111623778634,0.112309596181042,0.720035914328829,0.213172127254668,0.130618578050303,0.0488805464457892,-2.39046744431761,-2.6600483097319,0.265661843592513,0.624457994353806,2.26915527270219,0.00841347064290941,0.00390647221152735
"720329",0.798256055370788,2.35328294877581,0.17288141723972,0.647873480835476,0.0474256272047388,0.840252310754416,0.0287342451786491,0.211421557643082,0.0228341204895383,-2.57471649946556,-2.10127254906626,0.0604603700171834,0.846422162943733,3.2477922934019,0.00501611399306135,0.0178085240154776
"720358",0.528562746153702,1.70659142053917,0.0760257083417554,0.481873885707239,0.181320215888503,0.661973480956028,0.100657191927324,0.170145096718936,0.0501756059120295,-2.27061771027193,-2.23317150496479,0.158850813053551,0.709888906106732,2.43355697653354,0.0115850652049641,0.0127688183312646
"721291",0.452686721133161,0.506471747685285,0.0675803203125937,0.106619823783332,0.424881409277972,0.0888513574851736,0.0407382819088285,0.244828154034714,0.0326974173053658,-2.12622415598266,-0.220906657501852,0.0857863040838221,0.878391548991812,0.595853852310627,0.0167422998990407,0.412582556769691
"721292",0.456318686518746,1.05377500828164,0.0521698280283882,0.364245843246661,0.0443581809589123,0.6751009385405,0.210825957746229,0.0509166546511249,0.0313049322839335,-2.10722584458002,-3.02694906136238,0.243045122272949,0.50077435837012,1.79053677150621,0.017549003852777,0.00123517796060049
"721377",0.541784967862206,1.22662074440695,0.0858607730383423,0.434958997942716,0.0450998176550099,0.709657883907125,0.198276120411062,0.039155648745603,0.023515568922604,-2.54747324648132,-3.06147926609159,0.222768004001836,0.586939723286546,1.99471890899766,0.00542530893954749,0.00110123126059773
"721418",0.462077097771421,1.31561961576308,0.0535054299779405,0.454837542499687,0.100922402415756,0.713461479456206,0.257072038751113,0.072085830584452,0.0308933452455097,-1.91202659518311,-2.02942071576424,0.289176565369524,0.56309280512601,2.08393048006416,0.027936391465426,0.0212077284889355
"721519",0.517831556402248,1.59144179354732,0.0725123958243146,0.550917216265399,0.0543089284422788,0.742885358516508,0.224310905404178,0.0600509864148443,0.0324200372587671,-2.44083984157503,-3.04364230507174,0.257921027594233,0.57238272712974,2.39200739169127,0.00732657584097501,0.00116866434882661
"721707",0.694913070799686,2.24836379243013,0.1202584024138,0.726571654926868,0.231847475695622,0.880010224242833,0.146971535649865,0.0466800997131336,0.03222234501369,-2.61761649315672,-1.19964575650579,0.183288284486028,0.927361849052185,3.1786034256758,0.0044273132026266,0.115138473992358
"722891",0.530893070239623,1.48036451883303,0.0821669874382353,0.506259189855474,0.103798467324075,0.561995290733019,0.040429760677844,0.251409787100027,0.036559442756898,-2.25121207462749,-2.34935400632137,0.0886875985707326,0.634902316007754,2.10390119264127,0.0121860545955124,0.00940300872812607
"723197",0.871685215885872,2.34927957389321,0.17110442945213,0.222083900095197,0.111626118749986,0.724463747074788,0.0961942072482116,0.0222707078635623,0.0220370646166845,-2.63868570677942,-2.17186586600743,0.119802592621099,0.983295631415047,3.15254251514202,0.00416140509023778,0.0149328911236841
